no,x_경도,y_위도,종명,종명_code,고도_meter
1,126.9867861,35.13883611,왕다람쥐꼬리,A,539
2,126.9867861,35.13883611,왕다람쥐꼬리,A,539
3,126.9867861,35.13883611,왕다람쥐꼬리,A,539
4,126.9867861,35.13883611,왕다람쥐꼬리,A,539
5,126.9868417,35.13608056,왕다람쥐꼬리,A,651
6,126.9868361,35.13613889,왕다람쥐꼬리,A,652
7,126.9868361,35.13613889,왕다람쥐꼬리,A,652
8,126.9868111,35.13615833,왕다람쥐꼬리,A,652
9,126.9867972,35.13615278,왕다람쥐꼬리,A,655
10,126.9867972,35.13615278,왕다람쥐꼬리,A,655
11,126.9865361,35.13616111,왕다람쥐꼬리,A,658
12,126.9868417,35.13615,왕다람쥐꼬리,A,661
13,126.9869028,35.13567778,왕다람쥐꼬리,A,662
14,126.9868639,35.13615,왕다람쥐꼬리,A,663
15,126.9863722,35.13586389,왕다람쥐꼬리,A,665
16,126.9865083,35.13608333,왕다람쥐꼬리,A,666
17,126.9870222,35.13581389,왕다람쥐꼬리,A,667
18,126.9857667,35.13628889,왕다람쥐꼬리,A,671
19,126.9864972,35.13603056,왕다람쥐꼬리,A,672
20,126.9865,35.13604167,왕다람쥐꼬리,A,673
21,126.9869083,35.13570833,왕다람쥐꼬리,A,675
22,126.9861611,35.13613333,왕다람쥐꼬리,A,676
23,126.9869083,35.13570556,왕다람쥐꼬리,A,676
24,126.9869083,35.1357,왕다람쥐꼬리,A,677
25,126.9864389,35.13599167,왕다람쥐꼬리,A,678
26,126.9863222,35.13601389,왕다람쥐꼬리,A,683
27,126.9864056,35.13588056,왕다람쥐꼬리,A,683
28,126.9864944,35.13592222,왕다람쥐꼬리,A,684
29,126.986425,35.13601667,왕다람쥐꼬리,A,690
30,126.9599167,35.11786111,백양꽃,B,145
31,126.9587222,35.12230556,백양꽃,B ,151
32,126.9646667,35.11697222,백양꽃,B,174
33,126.9649444,35.11694444,백양꽃,B ,183
34,126.9649722,35.11861111,백양꽃,B,184
35,126.9652778,35.11691667,백양꽃,B ,185
36,126.9708056,35.10697222,백양꽃,B,190
37,126.9678056,35.11663889,백양꽃,B ,199
38,126.96825,35.11661111,백양꽃,B,200
39,126.9678611,35.11663889,백양꽃,B ,201
40,126.9684444,35.11666667,백양꽃,B,201
41,126.9681389,35.11661111,백양꽃,B ,202
42,126.9676111,35.11675,백양꽃,B,202
43,126.9675556,35.11675,백양꽃,B ,204
44,126.9675278,35.11672222,백양꽃,B,205
45,126.9702778,35.11608333,백양꽃,B ,223
46,126.9706944,35.11602778,백양꽃,B,226
47,126.9705833,35.11608333,백양꽃,B ,233
48,126.9706944,35.11586111,백양꽃,B,234
49,126.9706944,35.11591667,백양꽃,B ,235
50,126.9709444,35.11572222,백양꽃,B,239
51,126.9715,35.11688889,백양꽃,B ,273
52,126.9716111,35.11697222,백양꽃,B,276
53,126.9715833,35.11694444,백양꽃,B ,280
54,126.9721667,35.11727778,백양꽃,B,280
55,126.9722222,35.11738889,백양꽃,B ,288
56,126.9723333,35.11744444,백양꽃,B,290
57,126.9721667,35.11725,백양꽃,B ,291
58,126.9722778,35.11738889,백양꽃,B,291
59,126.9722222,35.11736111,백양꽃,B ,300
60,126.9724167,35.11738889,백양꽃,B,301
61,126.9723611,35.11738889,백양꽃,B ,301
62,126.972,35.11722222,백양꽃,B,301
63,126.9729167,35.11775,백양꽃,B ,307
64,126.9728333,35.11761111,백양꽃,B,307
65,126.9728889,35.11772222,백양꽃,B ,310
66,126.9728611,35.11772222,백양꽃,B,311
67,126.9726389,35.11772222,백양꽃,B ,312
68,126.9730556,35.11775,백양꽃,B,312
69,126.9739444,35.11461111,백양꽃,B ,315
70,126.9744444,35.11480556,백양꽃,B,319
71,126.9732222,35.11780556,백양꽃,B ,326
72,126.9736667,35.11786111,백양꽃,B,333
73,126.9735833,35.11791667,백양꽃,B ,334
74,126.9734167,35.11777778,백양꽃,B,334
75,126.9736667,35.11791667,백양꽃,B ,338
76,126.9734167,35.11786111,백양꽃,B,344
77,127.0034167,35.11394444,백양꽃,B ,820
78,127.0033611,35.114,백양꽃,B,822
79,127.0033889,35.11402778,백양꽃,B ,823
80,127.0034167,35.114,백양꽃,B,823
81,127.0034444,35.11394444,백양꽃,B ,825
82,127.0033611,35.11402778,백양꽃,B,825
83,127.0034167,35.11397222,백양꽃,B ,828
84,127.0033333,35.11402778,백양꽃,B,828
85,126.9601944,35.11775,붉노랑상사화,C,130
86,126.9602778,35.11758333,붉노랑상사화,C,144
87,126.9601667,35.11755556,붉노랑상사화,C,164
88,126.9706667,35.10677778,붉노랑상사화,C,178
89,126.9708889,35.10686111,붉노랑상사화,C,181
90,126.9712222,35.10722222,붉노랑상사화,C,183
91,126.9704722,35.10683333,붉노랑상사화,C,187
92,126.9714444,35.10736111,붉노랑상사화,C,187
93,126.9693889,35.10613889,붉노랑상사화,C,188
94,126.9708611,35.10708333,붉노랑상사화,C,190
95,126.9708333,35.10697222,붉노랑상사화,C,190
96,126.9707778,35.10691667,붉노랑상사화,C,190
97,126.9672778,35.11675,붉노랑상사화,C,190
98,126.9695556,35.0895,붉노랑상사화,C,191
99,126.9695,35.10608333,붉노랑상사화,C,191
100,126.9695556,35.10608333,붉노랑상사화,C,192
101,126.9694722,35.10619444,붉노랑상사화,C,193
102,126.9700556,35.10647222,붉노랑상사화,C,193
103,126.9703611,35.10636111,붉노랑상사화,C,193
104,126.9731667,35.10755556,붉노랑상사화,C,193
105,126.9701389,35.10644444,붉노랑상사화,C,194
106,126.9703056,35.1065,붉노랑상사화,C,194
107,126.9704444,35.10669444,붉노랑상사화,C,194
108,126.97025,35.10675,붉노랑상사화,C,194
109,126.9733333,35.10752778,붉노랑상사화,C,194
110,126.9703056,35.10638889,붉노랑상사화,C,195
111,126.9699444,35.10638889,붉노랑상사화,C,197
112,126.9700556,35.10636111,붉노랑상사화,C,200
113,126.9717222,35.10752778,붉노랑상사화,C,200
114,126.9699722,35.10627778,붉노랑상사화,C,203
115,126.9727222,35.10755556,붉노랑상사화,C,205
116,126.9750278,35.10830556,붉노랑상사화,C,205
117,126.9758611,35.10877778,붉노랑상사화,C,228
118,126.9781389,35.10872222,붉노랑상사화,C,231
119,126.9714722,35.11561111,붉노랑상사화,C,235
120,126.9778889,35.10861111,붉노랑상사화,C,236
121,126.9778611,35.10861111,붉노랑상사화,C,238
122,126.9781389,35.10894444,붉노랑상사화,C,239
123,126.9777778,35.10855556,붉노랑상사화,C,245
124,126.9790833,35.10911111,붉노랑상사화,C,250
125,126.98075,35.10983333,붉노랑상사화,C,280
126,126.9807778,35.10983333,붉노랑상사화,C,283
127,126.9810833,35.10988889,붉노랑상사화,C,287
128,126.9816944,35.11077778,붉노랑상사화,C,315
129,126.9737222,35.11463889,붉노랑상사화,C,315
130,126.9747778,35.11475,붉노랑상사화,C,327
131,126.9744167,35.11475,붉노랑상사화,C,330
132,126.9828611,35.11225,붉노랑상사화,C,340
133,126.9831389,35.11247222,붉노랑상사화,C,341
134,126.9833611,35.11258333,붉노랑상사화,C,341
135,126.975,35.11472222,붉노랑상사화,C,341
136,126.9749722,35.11452778,붉노랑상사화,C,345
137,126.9833611,35.11280556,붉노랑상사화,C,346
138,127.0006333,35.12235278,어리병풍,D,1008
139,127.00065,35.12234444,어리병풍,D,1008
140,127.0006472,35.12232222,어리병풍,D,1009
141,127.0006361,35.12228889,어리병풍,D,1010
142,127.0005972,35.12221389,어리병풍,D,1011
143,127.0005917,35.1222,어리병풍,D,1012
144,127.000925,35.12179722,어리병풍,D,1033
145,127.0009139,35.12179722,어리병풍,D,1033
146,127.0009972,35.12165278,어리병풍,D,1036
147,127.0010583,35.12163333,어리병풍,D,1037
148,127.0010694,35.12163333,어리병풍,D,1037
149,127.0010833,35.12163333,어리병풍,D,1037
150,127.0010861,35.12163056,어리병풍,D,1038
151,127.0010889,35.121625,어리병풍,D,1038
152,127.0008333,35.12181667,어리병풍,D,1038
153,127.0011694,35.12160278,어리병풍,D,1042
154,127.0011889,35.12160278,어리병풍,D,1042
155,127.0011278,35.12160833,어리병풍,D,1044
156,127.001125,35.12162778,어리병풍,D,1044
157,127.0011278,35.12161667,어리병풍,D,1044
158,127.0011278,35.12161389,어리병풍,D,1044
159,127.0011333,35.12159722,어리병풍,D,1044
160,127.0016694,35.12153889,어리병풍,D,1045
161,127.0011722,35.12166667,어리병풍,D,1046
162,127.0012,35.12158333,어리병풍,D,1046
163,127.0010806,35.12160556,어리병풍,D,1047
164,127.0010722,35.12157778,어리병풍,D,1048
165,127.0010722,35.12157778,어리병풍,D,1048
166,127.0011889,35.121575,어리병풍,D,1049
167,127.0013472,35.12158611,어리병풍,D,1049
168,127.0016444,35.12155556,어리병풍,D,1050
169,127.0012083,35.12163056,어리병풍,D,1050
170,127.0012139,35.12163056,어리병풍,D,1050
171,127.0012028,35.12163056,어리병풍,D,1050
172,127.0012,35.12163056,어리병풍,D,1050
173,127.0011944,35.12163333,어리병풍,D,1050
174,127.0011806,35.12163333,어리병풍,D,1050
175,127.0011833,35.12163333,어리병풍,D,1050
176,127.0011833,35.12163333,어리병풍,D,1050
177,127.0011889,35.12163056,어리병풍,D,1051
178,127.0016472,35.12151111,어리병풍,D,1054
179,127.0016472,35.12150556,어리병풍,D,1055
180,127.0012139,35.121625,어리병풍,D,1055
181,127.0014472,35.12144167,어리병풍,D,1055
182,127.0016083,35.12151667,어리병풍,D,1056
183,127.0016056,35.12150833,어리병풍,D,1056
184,127.0016417,35.12149722,어리병풍,D,1057
185,127.0016417,35.12149722,어리병풍,D,1057
186,127.0016444,35.1215,어리병풍,D,1057
187,127.0016472,35.12150556,어리병풍,D,1057
188,127.0016472,35.12150833,어리병풍,D,1057
189,127.0016194,35.12153056,어리병풍,D,1057
190,127.0016528,35.12147222,어리병풍,D,1060
191,127.0016444,35.12146111,어리병풍,D,1061
192,127.0016056,35.12156389,어리병풍,D,1061
193,127.0016056,35.12156667,어리병풍,D,1061
194,127.0016528,35.12155833,어리병풍,D,1061
195,127.0014167,35.12146389,어리병풍,D,1061
196,127.0015167,35.12124722,어리병풍,D,1061
197,127.0012972,35.12166944,어리병풍,D,1062
198,127.0016028,35.12156111,어리병풍,D,1062
199,127.0016139,35.12154167,어리병풍,D,1063
200,127.0016139,35.12154167,어리병풍,D,1063
201,127.0015917,35.12154722,어리병풍,D,1063
202,127.0015944,35.12155,어리병풍,D,1063
203,127.0015944,35.12155278,어리병풍,D,1063
204,127.0016028,35.12159722,어리병풍,D,1064
205,127.0016444,35.12159444,어리병풍,D,1064
206,127.0016444,35.12159444,어리병풍,D,1064
207,127.0016444,35.12159444,어리병풍,D,1064
208,127.0015861,35.12153889,어리병풍,D,1064
209,127.0015889,35.12154444,어리병풍,D,1064
210,127.0016611,35.12156944,어리병풍,D,1064
211,127.0016639,35.12157222,어리병풍,D,1064
212,127.0016194,35.12155556,어리병풍,D,1064
213,127.0016194,35.12155556,어리병풍,D,1064
214,127.0016222,35.12155556,어리병풍,D,1064
215,127.0016222,35.12155556,어리병풍,D,1064
216,127.001625,35.12155556,어리병풍,D,1064
217,127.0016306,35.12160833,어리병풍,D,1065
218,127.0015667,35.12141111,어리병풍,D,1065
219,127.0015917,35.12151944,어리병풍,D,1065
220,127.0015889,35.12152222,어리병풍,D,1065
221,127.0015861,35.12153333,어리병풍,D,1065
222,127.0015833,35.12153611,어리병풍,D,1065
223,127.0016444,35.12159444,어리병풍,D,1065
224,127.0016472,35.12156389,어리병풍,D,1065
225,127.0016278,35.12154167,어리병풍,D,1065
226,127.001625,35.12161111,어리병풍,D,1066
227,127.001625,35.12160833,어리병풍,D,1066
228,127.0016444,35.12156667,어리병풍,D,1066
229,127.0016167,35.12154167,어리병풍,D,1066
230,127.0015528,35.12141667,어리병풍,D,1068
231,127.0015028,35.12140556,어리병풍,D,1073
232,126.9566444,35.1336639,털조장나무,E,124
233,126.9566444,35.1336639,털조장나무,E,124
234,126.9566444,35.1336639,털조장나무,E,124
235,126.9566444,35.1336639,털조장나무,E,124
236,126.9566444,35.1336639,털조장나무,E,124
237,126.9566444,35.1336639,털조장나무,E,124
238,126.9566444,35.1336639,털조장나무,E,124
239,126.9566444,35.1336639,털조장나무,E,124
240,126.9566444,35.1336639,털조장나무,E,124
241,126.9566444,35.1336639,털조장나무,E,124
242,126.9566444,35.1336639,털조장나무,E,124
243,126.9494667,35.1609917,털조장나무,E,138
244,126.9495972,35.16076944,털조장나무,E,138
245,126.9497972,35.16039444,털조장나무,E,139
246,126.9497917,35.16039444,털조장나무,E,139
247,126.9497917,35.16039444,털조장나무,E,139
248,126.949775,35.1604,털조장나무,E,139
249,126.949775,35.1604,털조장나무,E,139
250,126.9497667,35.1604,털조장나무,E,139
251,126.9497667,35.1604,털조장나무,E,139
252,126.9497667,35.1604,털조장나무,E,139
253,126.9497611,35.16040278,털조장나무,E,139
254,126.9497611,35.16040278,털조장나무,E,139
255,126.9497583,35.16040278,털조장나무,E,139
256,126.9497583,35.16040278,털조장나무,E,139
257,126.9497472,35.16040556,털조장나무,E,139
258,126.9497444,35.16040556,털조장나무,E,139
259,126.9497444,35.16040556,털조장나무,E,139
260,126.9497389,35.16040556,털조장나무,E,139
261,126.9497389,35.16040556,털조장나무,E,139
262,126.9497306,35.16040833,털조장나무,E,139
263,126.9497111,35.16040833,털조장나무,E,140
264,126.9497028,35.16040833,털조장나무,E,140
265,126.9496472,35.16041111,털조장나무,E,140
266,126.9494222,35.1609972,털조장나무,E,141
267,126.9496167,35.16076667,털조장나무,E,141
268,126.9498972,35.16034444,털조장나무,E,143
269,126.9497306,35.16050278,털조장나무,E,146
270,126.9496583,35.160625,털조장나무,E,148
271,126.9497361,35.16050556,털조장나무,E,148
272,126.94975,35.16055556,털조장나무,E,150
273,126.9494667,35.1610139,털조장나무,E,152
274,126.9495083,35.16092778,털조장나무,E,154
275,126.9495056,35.160925,털조장나무,E,154
276,126.949375,35.1610056,털조장나무,E,155
277,126.9496278,35.16065833,털조장나무,E,155
278,126.9494556,35.1608333,털조장나무,E,156
279,126.94955,35.1609556,털조장나무,E,156
280,126.94955,35.1609556,털조장나무,E,156
281,126.9496333,35.16065833,털조장나무,E,156
282,126.9494667,35.1610222,털조장나무,E,157
283,126.9495306,35.1609583,털조장나무,E,157
284,126.9496611,35.1608222,털조장나무,E,157
285,126.9496556,35.16065556,털조장나무,E,157
286,126.9497556,35.16053056,털조장나무,E,157
287,126.9495111,35.1609611,털조장나무,E,158
288,126.9495222,35.1609611,털조장나무,E,158
289,126.9497278,35.1606361,털조장나무,E,158
290,126.9494917,35.1609639,털조장나무,E,159
291,126.9495,35.1609639,털조장나무,E,159
292,126.9493444,35.1607806,털조장나무,E,159
293,126.9494833,35.1609667,털조장나무,E,160
294,126.9494889,35.1609639,털조장나무,E,160
295,126.9493639,35.1606972,털조장나무,E,160
296,126.9496944,35.16064722,털조장나무,E,160
297,126.9494778,35.1609667,털조장나무,E,161
298,126.9493667,35.1606944,털조장나무,E,161
299,126.9493667,35.1606972,털조장나무,E,161
300,126.9494444,35.1608389,털조장나무,E,162
301,126.9493667,35.1606917,털조장나무,E,162
302,126.9493278,35.1607694,털조장나무,E,163
303,126.9493694,35.1606917,털조장나무,E,163
304,126.9488972,35.16170556,털조장나무,E,163
305,126.9494389,35.1609722,털조장나무,E,164
306,126.9495667,35.16095,털조장나무,E,164
307,126.9493722,35.1606861,털조장나무,E,164
308,126.9493722,35.1606889,털조장나무,E,164
309,126.9497222,35.1606167,털조장나무,E,164
310,126.9495611,35.1609972,털조장나무,E,164
311,126.9491028,35.16158056,털조장나무,E,164
312,126.9493222,35.1607639,털조장나무,E,165
313,126.9495806,35.1610194,털조장나무,E,165
314,126.949575,35.1610222,털조장나무,E,165
315,126.949375,35.1606833,털조장나무,E,166
316,126.9491167,35.16159444,털조장나무,E,166
317,126.9493139,35.1607583,털조장나무,E,167
318,126.9493778,35.1606778,털조장나무,E,167
319,126.949375,35.1606778,털조장나무,E,167
320,126.9493778,35.160675,털조장나무,E,168
321,126.9493778,35.1606833,털조장나무,E,168
322,126.94945,35.1609167,털조장나무,E,168
323,126.9494361,35.1609278,털조장나무,E,168
324,126.94955,35.1609917,털조장나무,E,168
325,126.949425,35.1608639,털조장나무,E,169
326,126.94935,35.1610056,털조장나무,E,169
327,126.9493806,35.1606722,털조장나무,E,169
328,126.9493778,35.1606722,털조장나무,E,169
329,126.9498389,35.1608583,털조장나무,E,169
330,126.9499028,35.1608583,털조장나무,E,169
331,126.9496722,35.1606361,털조장나무,E,169
332,126.9494417,35.1609361,털조장나무,E,169
333,126.9494528,35.1609472,털조장나무,E,169
334,126.9494694,35.1609611,털조장나무,E,169
335,126.9495444,35.1609917,털조장나무,E,169
336,126.9493028,35.16075,털조장나무,E,170
337,126.9493806,35.1606694,털조장나무,E,170
338,126.9493806,35.1606694,털조장나무,E,170
339,126.9493833,35.1606778,털조장나무,E,170
340,126.9498861,35.16085,털조장나무,E,170
341,126.9495417,35.1609889,털조장나무,E,170
342,126.9507833,35.16085,털조장나무,E,170
343,126.9495778,35.1609444,털조장나무,E,171
344,126.9493944,35.1606528,털조장나무,E,171
345,126.9499,35.1605056,털조장나무,E,171
346,126.9498028,35.1605194,털조장나무,E,171
347,126.9498028,35.1605194,털조장나무,E,171
348,126.9494361,35.1608556,털조장나무,E,171
349,126.9495583,35.161025,털조장나무,E,171
350,126.9493833,35.1606667,털조장나무,E,172
351,126.9496333,35.1606167,털조장나무,E,172
352,126.9496361,35.1606167,털조장나무,E,172
353,126.9496444,35.1606111,털조장나무,E,172
354,126.9498944,35.1605028,털조장나무,E,172
355,126.9498944,35.1605028,털조장나무,E,172
356,126.949825,35.1608389,털조장나무,E,172
357,126.9497083,35.1607528,털조장나무,E,172
358,126.9496583,35.1607833,털조장나무,E,172
359,126.9496611,35.1607694,털조장나무,E,172
360,126.9496611,35.1607583,털조장나무,E,172
361,126.9496639,35.1607472,털조장나무,E,172
362,126.9496694,35.1607056,털조장나무,E,172
363,126.9494278,35.1609361,털조장나무,E,172
364,126.9498,35.1607861,털조장나무,E,172
365,126.9494306,35.1609667,털조장나무,E,173
366,126.9493861,35.1606611,털조장나무,E,173
367,126.9493861,35.1606639,털조장나무,E,173
368,126.9493861,35.1606722,털조장나무,E,173
369,126.9496639,35.1606056,털조장나무,E,173
370,126.9498111,35.1605139,털조장나무,E,173
371,126.9498083,35.1605139,털조장나무,E,173
372,126.9498083,35.1605167,털조장나무,E,173
373,126.9496528,35.1608,털조장나무,E,173
374,126.9496556,35.1608139,털조장나무,E,173
375,126.9496556,35.1608083,털조장나무,E,173
376,126.9496556,35.1607944,털조장나무,E,173
377,126.9497167,35.1605889,털조장나무,E,173
378,126.9495528,35.161025,털조장나무,E,173
379,126.9492889,35.1607389,털조장나무,E,174
380,126.9493861,35.1606583,털조장나무,E,174
381,126.9493861,35.1606611,털조장나무,E,174
382,126.9496833,35.1605972,털조장나무,E,174
383,126.9496444,35.1606583,털조장나무,E,174
384,126.9498806,35.1605,털조장나무,E,174
385,126.9498806,35.1605,털조장나무,E,174
386,126.9498778,35.1605,털조장나무,E,174
387,126.9497194,35.1607444,털조장나무,E,174
388,126.9496472,35.1608667,털조장나무,E,174
389,126.9496472,35.1608639,털조장나무,E,174
390,126.94965,35.1608472,털조장나무,E,174
391,126.94965,35.1608472,털조장나무,E,174
392,126.9497139,35.1605861,털조장나무,E,174
393,126.9495278,35.161,털조장나무,E,174
394,126.9495861,35.1609361,털조장나무,E,174
395,126.9496111,35.1609028,털조장나무,E,174
396,126.9493889,35.1606583,털조장나무,E,175
397,126.9493889,35.1606583,털조장나무,E,175
398,126.9493917,35.1606667,털조장나무,E,176
399,126.9498694,35.1604972,털조장나무,E,176
400,126.9498139,35.1608194,털조장나무,E,176
401,126.9496694,35.1609306,털조장나무,E,176
402,126.9497056,35.1609306,털조장나무,E,176
403,126.9497139,35.1609306,털조장나무,E,176
404,126.9493944,35.1606667,털조장나무,E,177
405,126.9493944,35.1606667,털조장나무,E,177
406,126.9498222,35.1605,털조장나무,E,177
407,126.9498167,35.1606917,털조장나무,E,177
408,126.9514667,35.1607917,털조장나무,E,177
409,126.9502167,35.1605389,털조장나무,E,177
410,126.9495917,35.1609389,털조장나무,E,178
411,126.9493944,35.16065,털조장나무,E,178
412,126.94985,35.1604917,털조장나무,E,178
413,126.9498278,35.1604972,털조장나무,E,178
414,126.9495194,35.1609694,털조장나무,E,178
415,126.9504139,35.1609111,털조장나무,E,178
416,126.949425,35.1605806,털조장나무,E,179
417,126.9494194,35.1605944,털조장나무,E,179
418,126.9494167,35.1605972,털조장나무,E,179
419,126.9494139,35.1606056,털조장나무,E,179
420,126.9494111,35.1606083,털조장나무,E,179
421,126.9493944,35.1606444,털조장나무,E,179
422,126.9493944,35.1606444,털조장나무,E,179
423,126.9493944,35.1606472,털조장나무,E,179
424,126.9498472,35.1604917,털조장나무,E,179
425,126.9498306,35.1604917,털조장나무,E,179
426,126.9498056,35.1607139,털조장나무,E,179
427,126.9504139,35.1609167,털조장나무,E,179
428,126.9493972,35.1606611,털조장나무,E,180
429,126.9494,35.1606583,털조장나무,E,180
430,126.9498333,35.1604917,털조장나무,E,180
431,126.9498333,35.1604917,털조장나무,E,180
432,126.955375,35.15584722,털조장나무,E,180
433,126.9497833,35.1607111,털조장나무,E,181
434,126.9497778,35.1607139,털조장나무,E,181
435,126.9514889,35.1608083,털조장나무,E,181
436,126.9501639,35.1605472,털조장나무,E,181
437,126.9493639,35.1609833,털조장나무,E,181
438,126.9493611,35.1609833,털조장나무,E,181
439,126.9492278,35.16132222,털조장나무,E,181
440,126.9496472,35.1610528,털조장나무,E,182
441,126.9514917,35.1608083,털조장나무,E,182
442,126.9546444,35.155525,털조장나무,E,182
443,126.9548222,35.15571389,털조장나무,E,182
444,126.9492833,35.16131944,털조장나무,E,182
445,126.949425,35.1608917,털조장나무,E,183
446,126.9494111,35.160675,털조장나무,E,183
447,126.9497667,35.1607194,털조장나무,E,183
448,126.9494667,35.1610083,털조장나무,E,183
449,126.9553778,35.15581389,털조장나무,E,183
450,126.9494139,35.1606806,털조장나무,E,184
451,126.949375,35.1609778,털조장나무,E,184
452,126.9553278,35.15579167,털조장나무,E,184
453,126.9491083,35.161525,털조장나무,E,184
454,126.9498194,35.1608194,털조장나무,E,185
455,126.9493806,35.160975,털조장나무,E,185
456,126.9553694,35.15580833,털조장나무,E,185
457,126.9546583,35.15553611,털조장나무,E,185
458,126.9496056,35.1609333,털조장나무,E,186
459,126.9494222,35.1606889,털조장나무,E,186
460,126.9496667,35.1610611,털조장나무,E,186
461,126.9553639,35.15580278,털조장나무,E,186
462,126.9494139,35.1608944,털조장나무,E,187
463,126.9496639,35.1610472,털조장나무,E,187
464,126.9496639,35.1610472,털조장나무,E,187
465,126.9506667,35.1608528,털조장나무,E,187
466,126.9546861,35.15561389,털조장나무,E,187
467,126.9494139,35.1608944,털조장나무,E,188
468,126.9494361,35.1607056,털조장나무,E,188
469,126.9490639,35.16151111,털조장나무,E,192
470,126.9494056,35.1609556,털조장나무,E,197
471,126.9493778,35.1609083,털조장나무,E,201
472,126.9549556,35.15578889,털조장나무,E,202
473,126.9547111,35.15545833,털조장나무,E,202
474,126.9547083,35.15546111,털조장나무,E,202
475,126.9547056,35.15546111,털조장나무,E,202
476,126.9549278,35.15580833,털조장나무,E,204
477,126.9553472,35.15578333,털조장나무,E,205
478,126.9549083,35.15580833,털조장나무,E,205
479,126.9553472,35.15581667,털조장나무,E,206
480,126.9553667,35.15578333,털조장나무,E,206
481,126.9551,35.15585,털조장나무,E,208
482,126.9552667,35.15585278,털조장나무,E,209
483,126.9552667,35.15585,털조장나무,E,209
484,126.9493917,35.1609222,털조장나무,E,210
485,126.9546639,35.15549722,털조장나무,E,210
486,126.9494194,35.1609139,털조장나무,E,211
487,126.9493417,35.160925,털조장나무,E,215
488,126.9553583,35.15583889,털조장나무,E,215
489,126.9554083,35.15580556,털조장나무,E,217
490,126.9538167,35.15496389,털조장나무,E,217
491,126.9501083,35.1604861,털조장나무,E,218
492,126.9538194,35.15496667,털조장나무,E,218
493,126.9553861,35.15581667,털조장나무,E,219
494,126.9538222,35.15496667,털조장나무,E,219
495,126.9501083,35.1604944,털조장나무,E,221
496,126.9552778,35.15591389,털조장나무,E,221
497,126.9538278,35.15497222,털조장나무,E,221
498,126.9538972,35.15493056,털조장나무,E,221
499,126.9538778,35.15492778,털조장나무,E,221
500,126.9538278,35.15497222,털조장나무,E,222
501,126.9539167,35.15494444,털조장나무,E,222
502,126.9539111,35.15493889,털조장나무,E,222
503,126.9553,35.15587778,털조장나무,E,224
504,126.9536222,35.15482222,털조장나무,E,224
505,126.9500278,35.1604472,털조장나무,E,226
506,126.9530583,35.15458889,털조장나무,E,227
507,126.9530611,35.15458611,털조장나무,E,227
508,126.9530694,35.15456667,털조장나무,E,227
509,126.9539528,35.15496667,털조장나무,E,228
510,126.9539528,35.15496667,털조장나무,E,228
511,126.9539556,35.15496944,털조장나무,E,229
512,126.9500194,35.1604472,털조장나무,E,230
513,126.950025,35.16045,털조장나무,E,230
514,126.9553111,35.15588611,털조장나무,E,230
515,126.950075,35.1604722,털조장나무,E,231
516,126.9500861,35.1604778,털조장나무,E,231
517,126.9538528,35.15499444,털조장나무,E,231
518,126.9488389,35.16061667,털조장나무,E,231
519,126.9488389,35.16061667,털조장나무,E,231
520,126.9488389,35.16061667,털조장나무,E,231
521,126.9488389,35.16061667,털조장나무,E,231
522,126.9488389,35.16061667,털조장나무,E,231
523,126.9488389,35.16061667,털조장나무,E,231
524,126.9488389,35.16061667,털조장나무,E,231
525,126.9529889,35.154675,털조장나무,E,236
526,126.9749361,35.16886389,털조장나무,E,259
527,126.9749583,35.16883889,털조장나무,E,262
528,126.9751583,35.16871389,털조장나무,E,268
529,126.9752028,35.16868889,털조장나무,E,273
530,126.9753806,35.16855,털조장나무,E,277
531,126.9758056,35.16846111,털조장나무,E,281
532,126.9756417,35.16846944,털조장나무,E,283
533,126.9755028,35.16847222,털조장나무,E,288
534,126.975525,35.16846389,털조장나무,E,288
535,126.9893556,35.1475,털조장나무,E,304
536,126.9895056,35.14743056,털조장나무,E,315
537,126.9894972,35.14751944,털조장나무,E,316
538,126.9798528,35.1589694,털조장나무,E,320
539,126.97985,35.158975,털조장나무,E,325
540,126.9799389,35.1590306,털조장나무,E,327
541,126.9798806,35.1590417,털조장나무,E,328
542,126.9798861,35.1590417,털조장나무,E,328
543,126.9798944,35.1590389,털조장나무,E,329
544,126.9800889,35.1591472,털조장나무,E,331
545,127.0292056,35.15550278,털조장나무,E,333
546,126.9800306,35.159125,털조장나무,E,336
547,126.9800306,35.159125,털조장나무,E,336
548,126.9800861,35.1591361,털조장나무,E,337
549,126.9800417,35.1588194,털조장나무,E,337
550,126.9800361,35.1591222,털조장나무,E,337
551,127.0291833,35.15551111,털조장나무,E,339
552,126.9799722,35.1590417,털조장나무,E,340
553,126.9800722,35.1587944,털조장나무,E,341
554,126.9800278,35.158675,털조장나무,E,342
555,126.9800278,35.158675,털조장나무,E,342
556,126.9800306,35.1586778,털조장나무,E,342
557,126.9800333,35.1586861,털조장나무,E,342
558,126.9800417,35.1588139,털조장나무,E,342
559,127.0291833,35.15548611,털조장나무,E,342
560,126.9790833,35.160325,털조장나무,E,343
561,126.9790833,35.160325,털조장나무,E,344
562,126.9798778,35.1590222,털조장나무,E,344
563,126.9799778,35.1590222,털조장나무,E,346
564,126.9800278,35.1588306,털조장나무,E,346
565,126.9802583,35.1582361,털조장나무,E,346
566,126.9799667,35.1590111,털조장나무,E,348
567,126.9798833,35.1589917,털조장나무,E,357
568,126.9791083,35.1603139,털조장나무,E,365
569,126.9791111,35.1603139,털조장나무,E,367
570,126.980175,35.1578111,털조장나무,E,370
571,126.9800778,35.157675,털조장나무,E,374
572,126.9802,35.1578222,털조장나무,E,374
573,126.9801361,35.1578556,털조장나무,E,376
574,126.9915444,35.08351944,털조장나무,E,376
575,126.9800722,35.15755,털조장나무,E,378
576,126.9801139,35.1577028,털조장나무,E,379
577,126.9801167,35.1577083,털조장나무,E,380
578,126.9800667,35.1576889,털조장나무,E,381
579,126.9889944,35.1440472,털조장나무,E,381
580,126.9800667,35.1576972,털조장나무,E,382
581,126.9800639,35.1577028,털조장나무,E,382
582,127.0288556,35.15539444,털조장나무,E,384
583,126.9801028,35.1573833,털조장나무,E,385
584,126.9890306,35.1439417,털조장나무,E,385
585,126.9890306,35.1439444,털조장나무,E,385
586,126.9839944,35.11341111,털조장나무,E,386
587,126.9890444,35.1439028,털조장나무,E,387
588,126.9890444,35.1439028,털조장나무,E,387
589,126.9890444,35.1439056,털조장나무,E,387
590,126.9890444,35.1439083,털조장나무,E,387
591,126.9890556,35.143875,털조장나무,E,388
592,126.9800972,35.1573611,털조장나무,E,390
593,126.9890778,35.1438111,털조장나무,E,390
594,126.989075,35.1438167,털조장나무,E,390
595,126.989075,35.1438194,털조장나무,E,390
596,126.989075,35.1438222,털조장나무,E,390
597,126.9890722,35.1438222,털조장나무,E,390
598,126.9890861,35.1437861,털조장나무,E,391
599,126.9890833,35.1437917,털조장나무,E,391
600,126.9890833,35.1437944,털조장나무,E,391
601,126.9890833,35.1437944,털조장나무,E,391
602,126.9890833,35.1437972,털조장나무,E,391
603,126.9890806,35.1438,털조장나무,E,391
604,126.9890806,35.1438028,털조장나무,E,391
605,126.9890778,35.1438083,털조장나무,E,391
606,126.9928972,35.1423778,털조장나무,E,392
607,126.9891194,35.1436972,털조장나무,E,395
608,126.9891167,35.1436972,털조장나무,E,395
609,126.9891167,35.1437056,털조장나무,E,395
610,126.9930389,35.1421139,털조장나무,E,396
611,126.9891333,35.1436556,털조장나무,E,396
612,126.9891333,35.1436583,털조장나무,E,396
613,126.9924444,35.14255,털조장나무,E,397
614,127.0288472,35.15533056,털조장나무,E,398
615,126.9924417,35.1425472,털조장나무,E,400
616,126.9923944,35.1425056,털조장나무,E,402
617,126.9930917,35.1420694,털조장나무,E,403
618,126.9923694,35.1425083,털조장나무,E,403
619,126.9931278,35.1421111,털조장나무,E,407
620,126.9928639,35.1424028,털조장나무,E,408
621,126.9848556,35.1491972,털조장나무,E,410
622,126.9930667,35.1420583,털조장나무,E,411
623,126.9848694,35.1492111,털조장나무,E,415
624,126.9924111,35.1425361,털조장나무,E,416
625,126.9924111,35.1425361,털조장나무,E,417
626,126.9928806,35.1424028,털조장나무,E,418
627,126.9848806,35.1491944,털조장나무,E,421
628,126.9848611,35.1491444,털조장나무,E,422
629,126.9928806,35.1424333,털조장나무,E,422
630,126.9927861,35.14235,털조장나무,E,424
631,126.9928472,35.1423333,털조장나무,E,424
632,126.9847944,35.1490611,털조장나무,E,427
633,126.9843556,35.149075,털조장나무,E,427
634,126.9842833,35.1492361,털조장나무,E,429
635,126.9928528,35.1424639,털조장나무,E,429
636,126.9844278,35.1490778,털조장나무,E,430
637,126.9848667,35.1491306,털조장나무,E,431
638,126.9848722,35.1491389,털조장나무,E,433
639,126.984425,35.1491361,털조장나무,E,435
640,126.984425,35.1491361,털조장나무,E,436
641,126.9843194,35.149175,털조장나무,E,436
642,126.9843,35.1491667,털조장나무,E,436
643,126.9823083,35.1552444,털조장나무,E,436
644,126.9844389,35.1490417,털조장나무,E,437
645,126.9843167,35.1491722,털조장나무,E,437
646,126.9700278,35.1202333,털조장나무,E,438
647,126.9700111,35.1202222,털조장나무,E,438
648,126.9842778,35.1492639,털조장나무,E,439
649,126.9842972,35.1491639,털조장나무,E,441
650,126.9843333,35.1491278,털조장나무,E,443
651,126.9808306,35.1564778,털조장나무,E,443
652,126.9848056,35.1491083,털조장나무,E,444
653,126.9931167,35.13984167,털조장나무,E,444
654,126.9931167,35.13984167,털조장나무,E,444
655,126.9844333,35.1491194,털조장나무,E,448
656,126.9943444,35.13893611,털조장나무,E,450
657,126.9842944,35.1491556,털조장나무,E,451
658,126.9823028,35.1553417,털조장나무,E,452
659,126.9823,35.1553361,털조장나무,E,452
660,126.9942667,35.13894444,털조장나무,E,455
661,126.9844389,35.1491056,털조장나무,E,457
662,126.9840278,35.1489944,털조장나무,E,457
663,126.984,35.149075,털조장나무,E,465
664,126.9837028,35.1489222,털조장나무,E,466
665,126.979875,35.139625,털조장나무,E,466
666,126.98405,35.1490056,털조장나무,E,467
667,126.9840222,35.1491028,털조장나무,E,470
668,126.9841,35.1491667,털조장나무,E,471
669,126.9840583,35.1491167,털조장나무,E,471
670,126.9840444,35.1491167,털조장나무,E,473
671,126.9838444,35.1489194,털조장나무,E,477
672,126.9838194,35.1489389,털조장나무,E,478
673,126.9830556,35.1542278,털조장나무,E,483
674,126.9825806,35.1539694,털조장나무,E,495
675,126.9821333,35.1539528,털조장나무,E,500
676,127.0273028,35.12347778,털조장나무,E,500
677,126.9827889,35.1490306,털조장나무,E,502
678,126.9827972,35.1490083,털조장나무,E,508
679,126.9822389,35.1533083,털조장나무,E,508
680,126.9822361,35.1533111,털조장나무,E,508
681,126.9822333,35.1533111,털조장나무,E,508
682,126.9822083,35.1535361,털조장나무,E,508
683,126.9822111,35.1535361,털조장나무,E,508
684,126.9822111,35.1535361,털조장나무,E,508
685,126.9822139,35.1535361,털조장나무,E,508
686,126.9822139,35.1535361,털조장나무,E,508
687,126.9822306,35.1533139,털조장나무,E,509
688,126.9822083,35.1535361,털조장나무,E,509
689,126.98215,35.1534417,털조장나무,E,510
690,126.9821972,35.1535333,털조장나무,E,510
691,126.9822,35.1535333,털조장나무,E,510
692,126.982225,35.1533222,털조장나무,E,511
693,126.9825806,35.1491306,털조장나무,E,514
694,126.9822167,35.1534667,털조장나무,E,514
695,126.9820917,35.1534111,털조장나무,E,514
696,126.9826,35.1491083,털조장나무,E,515
697,126.9822056,35.15335,털조장나무,E,515
698,126.9822028,35.15365,털조장나무,E,515
699,126.9822194,35.1533639,털조장나무,E,515
700,126.9822056,35.1535917,털조장나무,E,515
701,126.9822194,35.1533944,털조장나무,E,516
702,126.9821639,35.1534806,털조장나무,E,517
703,126.982225,35.1536361,털조장나무,E,518
704,126.9822194,35.1534,털조장나무,E,519
705,126.9822194,35.1529722,털조장나무,E,522
706,126.9822167,35.1533194,털조장나무,E,522
707,126.9811,35.1266556,털조장나무,E,523
708,126.9821889,35.1535194,털조장나무,E,526
709,126.982175,35.1534667,털조장나무,E,526
710,126.9821861,35.1535139,털조장나무,E,528
711,126.9821833,35.1535111,털조장나무,E,528
712,126.9804722,35.1308694,털조장나무,E,530
713,126.9822361,35.1530722,털조장나무,E,531
714,126.9822278,35.1530639,털조장나무,E,531
715,126.9822278,35.1531194,털조장나무,E,531
716,126.9822278,35.1531194,털조장나무,E,531
717,126.982225,35.1531167,털조장나무,E,531
718,126.982225,35.1531167,털조장나무,E,531
719,126.980475,35.1308694,털조장나무,E,531
720,126.9821056,35.1528111,털조장나무,E,532
721,126.9822194,35.1531111,털조장나무,E,532
722,126.9822194,35.1531083,털조장나무,E,532
723,126.9822194,35.1531083,털조장나무,E,532
724,126.9804778,35.1308667,털조장나무,E,532
725,126.9850972,35.1387806,털조장나무,E,533
726,126.9822056,35.1530944,털조장나무,E,533
727,126.9822056,35.1530917,털조장나무,E,533
728,126.9804,35.1309028,털조장나무,E,533
729,126.980375,35.1309028,털조장나무,E,533
730,127.016075,35.11178056,털조장나무,E,534
731,126.9821833,35.1529167,털조장나무,E,535
732,126.9850889,35.1387833,털조장나무,E,536
733,127.0161667,35.11176389,털조장나무,E,536
734,126.9820833,35.1528278,털조장나무,E,538
735,126.9821361,35.1528861,털조장나무,E,538
736,126.9850833,35.1387861,털조장나무,E,539
737,126.9806167,35.130825,털조장나무,E,539
738,126.9809056,35.12675,털조장나무,E,539
739,126.9807639,35.130775,털조장나무,E,540
740,126.9857194,35.1387611,털조장나무,E,542
741,126.9820667,35.1526417,털조장나무,E,542
742,126.9811,35.1266444,털조장나무,E,542
743,127.0250028,35.12797222,털조장나무,E,542
744,126.9851861,35.1387556,털조장나무,E,543
745,126.9807528,35.1307667,털조장나무,E,543
746,126.9808361,35.1307361,털조장나무,E,543
747,126.980375,35.1306417,털조장나무,E,543
748,126.9820556,35.1528278,털조장나무,E,544
749,126.9820528,35.1526333,털조장나무,E,544
750,126.9821389,35.1529417,털조장나무,E,544
751,126.9815917,35.1253389,털조장나무,E,544
752,127.0250556,35.12798056,털조장나무,E,544
753,126.9821389,35.1529417,털조장나무,E,545
754,126.9821389,35.1529417,털조장나무,E,545
755,126.9935778,35.08493333,털조장나무,E,545
756,127.0250889,35.12796389,털조장나무,E,545
757,126.9807417,35.1307806,털조장나무,E,546
758,126.9803278,35.1306972,털조장나무,E,546
759,127.0249778,35.12797778,털조장나무,E,546
760,126.985375,35.1387667,털조장나무,E,547
761,126.9807556,35.1307556,털조장나무,E,547
762,126.9803139,35.1307306,털조장나무,E,547
763,126.9816083,35.1253306,털조장나무,E,547
764,126.9824722,35.1392944,털조장나무,E,548
765,126.9807417,35.1307611,털조장나무,E,548
766,127.0249611,35.128,털조장나무,E,548
767,127.0249694,35.12798056,털조장나무,E,549
768,126.9856556,35.1387806,털조장나무,E,550
769,126.9820389,35.15245,털조장나무,E,550
770,126.9821306,35.1529361,털조장나무,E,551
771,126.9807667,35.1307611,털조장나무,E,551
772,126.9808917,35.1268611,털조장나무,E,552
773,126.9856528,35.1387917,털조장나무,E,553
774,126.9856528,35.1387917,털조장나무,E,553
775,126.9824167,35.1393333,털조장나무,E,553
776,127.0249556,35.12798333,털조장나무,E,553
777,126.9856528,35.1387972,털조장나무,E,554
778,126.9826639,35.1405639,털조장나무,E,554
779,126.9805806,35.1278528,털조장나무,E,554
780,126.980575,35.1278389,털조장나무,E,554
781,126.9830556,35.1238972,털조장나무,E,554
782,126.9830667,35.1239,털조장나무,E,554
783,126.9830778,35.1239028,털조장나무,E,554
784,126.9830806,35.1239028,털조장나무,E,554
785,126.9819806,35.1524306,털조장나무,E,555
786,126.9830528,35.1238972,털조장나무,E,555
787,127.0249472,35.12798333,털조장나무,E,555
788,126.9807222,35.1307556,털조장나무,E,556
789,126.9807861,35.1307444,털조장나무,E,556
790,126.9807194,35.1307556,털조장나무,E,557
791,126.9828444,35.14095,털조장나무,E,558
792,126.9825778,35.1392833,털조장나무,E,558
793,126.9807111,35.1307528,털조장나무,E,558
794,126.9830444,35.1238972,털조장나무,E,558
795,126.9820444,35.1524389,털조장나무,E,559
796,126.9826389,35.1392806,털조장나무,E,559
797,126.9824111,35.1393444,털조장나무,E,559
798,126.9826472,35.1392861,털조장나무,E,560
799,126.9819472,35.1387861,털조장나무,E,560
800,126.9831194,35.1239417,털조장나무,E,561
801,126.9831194,35.1239444,털조장나무,E,561
802,126.9940111,35.08485278,털조장나무,E,561
803,126.982475,35.1392583,털조장나무,E,562
804,126.9824639,35.1392722,털조장나무,E,562
805,126.9823917,35.1393611,털조장나무,E,562
806,126.9808722,35.1306944,털조장나무,E,562
807,126.9808694,35.1306972,털조장나무,E,562
808,126.9807778,35.1307444,털조장나무,E,562
809,126.9831278,35.1239278,털조장나무,E,562
810,126.9831278,35.1239306,털조장나무,E,562
811,126.9938278,35.08486667,털조장나무,E,562
812,126.9824722,35.1392611,털조장나무,E,563
813,126.982,35.1391722,털조장나무,E,563
814,126.9808528,35.1307083,털조장나무,E,564
815,126.9816972,35.1509778,털조장나무,E,565
816,126.9828583,35.1409611,털조장나무,E,565
817,126.9828556,35.1409611,털조장나무,E,565
818,126.9817722,35.15115,털조장나무,E,565
819,126.9817722,35.15115,털조장나무,E,565
820,126.9817722,35.15115,털조장나무,E,565
821,126.98165,35.1510306,털조장나무,E,566
822,126.98165,35.1510306,털조장나무,E,566
823,126.9817694,35.1252861,털조장나무,E,566
824,126.9816528,35.1510333,털조장나무,E,567
825,126.9819944,35.1391667,털조장나무,E,567
826,126.9816944,35.1509861,털조장나무,E,569
827,126.9825472,35.1395083,털조장나무,E,569
828,126.9819472,35.1388083,털조장나무,E,569
829,126.9807583,35.1307028,털조장나무,E,569
830,126.9807944,35.1307,털조장나무,E,569
831,126.9816583,35.1510472,털조장나무,E,570
832,126.9816611,35.1510472,털조장나무,E,570
833,126.9817389,35.1511389,털조장나무,E,570
834,126.9826611,35.140525,털조장나무,E,570
835,126.9816639,35.1510528,털조장나무,E,571
836,126.9826639,35.1405306,털조장나무,E,571
837,126.9826361,35.1392917,털조장나무,E,571
838,126.9825806,35.1394833,털조장나무,E,571
839,126.9817028,35.1386667,털조장나무,E,571
840,126.9817,35.1386667,털조장나무,E,571
841,126.9818194,35.1511417,털조장나무,E,571
842,126.9818333,35.1511444,털조장나무,E,571
843,126.9818333,35.1511444,털조장나무,E,571
844,126.9818389,35.1511444,털조장나무,E,571
845,126.9832556,35.1234194,털조장나무,E,572
846,126.9815944,35.150975,털조장나무,E,573
847,126.9817278,35.1511222,털조장나무,E,573
848,126.9826667,35.1405389,털조장나무,E,573
849,126.9826083,35.1393722,털조장나무,E,573
850,126.9816028,35.1509806,털조장나무,E,574
851,126.9816028,35.1509806,털조장나무,E,574
852,126.9826028,35.1393694,털조장나무,E,574
853,126.9823333,35.1393694,털조장나무,E,574
854,126.9824028,35.139325,털조장나무,E,574
855,126.9824083,35.1393278,털조장나무,E,574
856,126.9816806,35.1510722,털조장나무,E,575
857,126.9817222,35.1511139,털조장나무,E,575
858,126.9826,35.1393056,털조장나무,E,576
859,126.9823,35.1393083,털조장나무,E,576
860,126.9817139,35.1511056,털조장나무,E,577
861,126.9825722,35.1393611,털조장나무,E,578
862,126.981825,35.1512028,털조장나무,E,579
863,126.9822917,35.1393,털조장나무,E,579
864,126.9943306,35.08477778,털조장나무,E,580
865,126.982625,35.1393694,털조장나무,E,581
866,126.9826222,35.1392944,털조장나무,E,581
867,126.9822639,35.1392722,털조장나무,E,581
868,126.9826528,35.14,털조장나무,E,582
869,126.9826278,35.1399194,털조장나무,E,584
870,126.9818306,35.15125,털조장나무,E,585
871,126.9826,35.1399639,털조장나무,E,585
872,126.9823694,35.1394222,털조장나무,E,585
873,126.9824083,35.139325,털조장나무,E,585
874,126.9825361,35.1393417,털조장나무,E,586
875,126.9826556,35.1399222,털조장나무,E,587
876,126.9825361,35.1393417,털조장나무,E,587
877,126.9817472,35.1511472,털조장나무,E,588
878,126.9812472,35.1371861,털조장나무,E,588
879,126.98125,35.1371917,털조장나무,E,589
880,126.9827583,35.1399722,털조장나무,E,590
881,126.9817611,35.1511444,털조장나무,E,592
882,126.9827583,35.1399806,털조장나무,E,593
883,126.9812528,35.1372056,털조장나무,E,593
884,126.9812528,35.1372056,털조장나무,E,593
885,126.9825444,35.1393194,털조장나무,E,597
886,126.9825889,35.1393444,털조장나무,E,597
887,126.9823556,35.1393972,털조장나무,E,597
888,126.9823583,35.1394028,털조장나무,E,598
889,126.9812611,35.1372139,털조장나무,E,605
890,126.9812528,35.1371222,털조장나무,E,606
891,126.9812472,35.1371139,털조장나무,E,606
892,126.9812444,35.1371111,털조장나무,E,606
893,127.026,35.14720833,털조장나무,E,607
894,126.9825778,35.1393306,털조장나무,E,608
895,126.9812611,35.1372111,털조장나무,E,608
896,127.0260167,35.14737222,털조장나무,E,610
897,126.9821611,35.1302583,털조장나무,E,611
898,126.9821583,35.1302583,털조장나무,E,611
899,126.9811944,35.1371444,털조장나무,E,613
900,127.0260306,35.14714167,털조장나무,E,613
901,126.9825639,35.1393167,털조장나무,E,618
902,127.0260306,35.14714167,털조장나무,E,619
903,126.9818806,35.136875,털조장나무,E,624
904,126.9817083,35.1368833,털조장나무,E,627
905,126.9817,35.1368778,털조장나무,E,631
906,126.98165,35.137,털조장나무,E,632
907,126.9816667,35.1369806,털조장나무,E,635
908,126.9816833,35.1368806,털조장나무,E,639
909,126.9816806,35.1368861,털조장나무,E,640
910,126.9821667,35.1362,털조장나무,E,647
911,126.9824917,35.1358139,털조장나무,E,651
912,126.9824806,35.1358111,털조장나무,E,656
913,126.9823806,35.1358028,털조장나무,E,657
914,126.9824778,35.1358083,털조장나무,E,657
915,126.981875,35.1369111,털조장나무,E,668
916,126.9824111,35.1358083,털조장나무,E,669
917,126.981875,35.1369056,털조장나무,E,670
918,126.9824278,35.1357694,털조장나무,E,671
919,126.9824278,35.1357722,털조장나무,E,671
920,126.9824306,35.1357667,털조장나무,E,672
921,126.9824306,35.1357667,털조장나무,E,672
922,126.9826556,35.1356083,털조장나무,E,673
923,126.9824389,35.1357556,털조장나무,E,674
924,126.9867861,35.13590278,털조장나무,E,675
925,126.9867667,35.13592778,털조장나무,E,676
926,126.9831667,35.1360528,털조장나무,E,703
927,126.9832,35.136225,털조장나무,E,708
928,126.9832,35.1362139,털조장나무,E,714
929,126.9831972,35.1362111,털조장나무,E,715
930,126.9831972,35.1362028,털조장나무,E,719
931,126.9843444,35.1312139,털조장나무,E,732
932,126.9843472,35.1312167,털조장나무,E,732
933,126.9843472,35.1312167,털조장나무,E,732
934,126.98435,35.1312167,털조장나무,E,732
935,126.9845,35.1314722,털조장나무,E,733
936,126.9845,35.131475,털조장나무,E,734
937,126.9845028,35.1314472,털조장나무,E,734
938,126.9845056,35.1314222,털조장나무,E,740
939,126.9844972,35.1314111,털조장나무,E,740
940,126.9845028,35.1314028,털조장나무,E,744
941,126.9845028,35.1314,털조장나무,E,744
942,126.9937556,35.11907222,털조장나무,E,745
943,126.9845056,35.1313889,털조장나무,E,749
944,127.0181361,35.12685278,털조장나무,E,756
945,127.0031194,35.11471389,털조장나무,E,855
946,126.9779889,35.10865,매미꽃,F,233
947,126.9779917,35.10865278,매미꽃,F,234
948,126.9779917,35.10865278,매미꽃,F,234
949,126.9780917,35.10866944,매미꽃,F,237
950,126.9780944,35.108675,매미꽃,F,238
951,126.9780944,35.10868333,매미꽃,F,239
952,126.9780722,35.10865556,매미꽃,F,242
953,126.977875,35.10859444,매미꽃,F,242
954,126.9780667,35.10864167,매미꽃,F,246
955,126.9780694,35.10864444,매미꽃,F,246
956,126.9781778,35.10881389,매미꽃,F,256
957,126.9781694,35.10882222,매미꽃,F,257
958,126.9835944,35.10965278,매미꽃,F,310
959,126.9835944,35.10965278,매미꽃,F,311
960,126.9837306,35.10970833,매미꽃,F,314
961,126.9842639,35.10952778,매미꽃,F,333
962,126.9842556,35.10950556,매미꽃,F,333
963,126.9842667,35.10958889,매미꽃,F,337
964,126.9842167,35.109575,매미꽃,F,339
965,126.9842222,35.10957222,매미꽃,F,339
966,126.9842167,35.10957778,매미꽃,F,340
967,126.9842083,35.10958056,매미꽃,F,340
968,126.9842,35.10958611,매미꽃,F,341
969,126.9858167,35.10913333,매미꽃,F,362
970,126.9857583,35.10909722,매미꽃,F,367
971,126.9858389,35.10908333,매미꽃,F,367
972,126.9858639,35.10907222,매미꽃,F,367
973,126.9851556,35.10919722,매미꽃,F,369
974,126.98515,35.10920556,매미꽃,F,369
975,126.98515,35.10921111,매미꽃,F,369
976,126.9857639,35.10910556,매미꽃,F,369
977,126.9859194,35.10908333,매미꽃,F,373
978,126.9863833,35.10910833,매미꽃,F,373
979,126.9859444,35.10908889,매미꽃,F,375
980,126.9859722,35.10917222,매미꽃,F,383
981,126.9861889,35.10911667,매미꽃,F,387
982,126.9862528,35.10906667,매미꽃,F,390
983,126.9869056,35.109325,매미꽃,F,390
984,126.9870611,35.10925278,매미꽃,F,396
985,126.987575,35.10939444,매미꽃,F,405
986,126.9876167,35.10941667,매미꽃,F,405
987,126.9881389,35.10921111,매미꽃,F,409
988,126.9881417,35.10922222,매미꽃,F,410
989,126.9878222,35.109425,매미꽃,F,413
990,126.9881694,35.10919444,매미꽃,F,413
991,126.9882611,35.10910833,매미꽃,F,415
992,126.9882639,35.10912778,매미꽃,F,417
993,126.9883444,35.10915556,매미꽃,F,417
994,126.9882056,35.10916667,매미꽃,F,418
995,126.9883111,35.10913056,매미꽃,F,418
996,126.9883194,35.10913611,매미꽃,F,418
997,126.9885056,35.1091,매미꽃,F,420
998,126.9884,35.10923333,매미꽃,F,421
999,126.988425,35.10923056,매미꽃,F,421
1000,126.9885139,35.10910278,매미꽃,F,422
1001,126.9891194,35.10888889,매미꽃,F,436
1002,126.9891417,35.10888056,매미꽃,F,441
1003,126.9891389,35.10883333,매미꽃,F,444
1004,126.9895333,35.10848056,매미꽃,F,446
1005,126.989525,35.10851389,매미꽃,F,450
1006,126.9894694,35.10863889,매미꽃,F,451
1007,126.9894917,35.10859722,매미꽃,F,452
1008,126.9895167,35.10853333,매미꽃,F,453
1009,126.9896528,35.10846667,매미꽃,F,454
1010,126.9896417,35.10846944,매미꽃,F,455
1011,126.9895667,35.10846111,매미꽃,F,458
1012,126.9895972,35.10847222,매미꽃,F,458
1013,126.9896056,35.108475,매미꽃,F,458
1014,126.9886694,35.11163889,매미꽃,F,491
1015,126.9886722,35.11163333,매미꽃,F,492
1016,126.9886722,35.11163611,매미꽃,F,492
1017,126.988675,35.11163056,매미꽃,F,493
1018,126.9886222,35.11170278,매미꽃,F,494
1019,126.9913472,35.15214167,노각나무,G,256
1020,126.9914667,35.15203056,노각나무,G,258
1021,126.9914778,35.15204167,노각나무,G,258
1022,126.9914556,35.15205,노각나무,G,259
1023,126.9914194,35.15213889,노각나무,G,262
1024,126.9889694,35.15406667,노각나무,G,264
1025,126.9910306,35.15211111,노각나무,G,265
1026,126.9889722,35.15401944,노각나무,G,269
1027,126.9903417,35.15066944,노각나무,G,276
1028,126.9903694,35.15080833,노각나무,G,282
1029,126.9898972,35.15004722,노각나무,G,285
1030,126.9901,35.15004722,노각나무,G,285
1031,126.9901167,35.15004444,노각나무,G,286
1032,126.9901722,35.15026389,노각나무,G,287
1033,126.9901,35.15003056,노각나무,G,289
1034,126.9901167,35.15013056,노각나무,G,290
1035,126.98985,35.14999167,노각나무,G,291
1036,126.9896,35.14942222,노각나무,G,292
1037,126.9896556,35.14940833,노각나무,G,294
1038,126.9898694,35.14992778,노각나무,G,296
1039,126.9897306,35.14900278,노각나무,G,297
1040,126.9896139,35.14958333,노각나무,G,298
1041,126.9899333,35.14991111,노각나무,G,298
1042,126.9897167,35.14904444,노각나무,G,299
1043,126.9896667,35.14929722,노각나무,G,301
1044,126.9896861,35.14906667,노각나무,G,304
1045,126.9897083,35.14909444,노각나무,G,305
1046,126.9896444,35.14740278,노각나무,G,313
1047,126.9898167,35.14735,노각나무,G,314
1048,126.989675,35.14740833,노각나무,G,316
1049,126.9898278,35.14733611,노각나무,G,317
1050,126.9897194,35.147375,노각나무,G,318
1051,126.9899667,35.14716944,노각나무,G,320
1052,126.9897222,35.14741111,노각나무,G,320
1053,126.9892444,35.14656389,노각나무,G,322
1054,126.9886194,35.14849444,노각나무,G,322
1055,126.9885972,35.14842778,노각나무,G,322
1056,126.9892167,35.14657222,노각나무,G,323
1057,126.9891583,35.14654444,노각나무,G,325
1058,126.9886667,35.14861944,노각나무,G,325
1059,126.9892472,35.14633333,노각나무,G,327
1060,126.9892194,35.14633889,노각나무,G,327
1061,126.9892111,35.146575,노각나무,G,328
1062,126.9894944,35.14674444,노각나무,G,331
1063,126.9896028,35.146925,노각나무,G,331
1064,126.9891306,35.14652222,노각나무,G,331
1065,126.9895667,35.14686389,노각나무,G,332
1066,126.9896222,35.14690278,노각나무,G,332
1067,126.9893056,35.14668056,노각나무,G,333
1068,126.9892917,35.14668611,노각나무,G,334
1069,126.9895889,35.14688333,노각나무,G,334
1070,126.9891361,35.14650833,노각나무,G,335
1071,126.9899417,35.14578611,노각나무,G,335
1072,126.9895361,35.146825,노각나무,G,336
1073,126.988425,35.14658889,노각나무,G,338
1074,126.9883833,35.14662778,노각나무,G,338
1075,126.9883806,35.14663889,노각나무,G,338
1076,126.9884556,35.14658889,노각나무,G,339
1077,126.9883778,35.14664444,노각나무,G,339
1078,126.9893639,35.14605,노각나무,G,340
1079,126.9894306,35.14570278,노각나무,G,341
1080,126.9894389,35.14570833,노각나무,G,341
1081,126.9898194,35.14581944,노각나무,G,343
1082,126.9895139,35.145675,노각나무,G,344
1083,126.989425,35.14614722,노각나무,G,344
1084,126.9895361,35.14570278,노각나무,G,345
1085,126.9893306,35.14605556,노각나무,G,347
1086,126.98935,35.14608889,노각나무,G,347
1087,126.9893583,35.14593889,노각나무,G,349
1088,126.9885472,35.14666111,노각나무,G,350
1089,126.9885444,35.14666111,노각나무,G,350
1090,126.9894333,35.14568889,노각나무,G,352
1091,126.9910389,35.14450278,노각나무,G,352
1092,126.9910167,35.14455278,노각나무,G,354
1093,126.9910167,35.14441667,노각나무,G,354
1094,126.991025,35.14436667,노각나무,G,358
1095,126.9909611,35.14418056,노각나무,G,366
1096,126.9911556,35.14388889,노각나무,G,367
1097,126.9911083,35.14413056,노각나무,G,368
1098,126.9911361,35.14406667,노각나무,G,371
1099,126.9912611,35.14379444,노각나무,G,374
1100,126.9881639,35.14265556,노각나무,G,420
1101,126.9881611,35.14265278,노각나무,G,421
1102,126.9881583,35.14265278,노각나무,G,422
1103,126.9879722,35.14258056,노각나무,G,422
1104,126.9879472,35.142575,노각나무,G,422
1105,126.9881528,35.14265,노각나무,G,423
1106,126.98815,35.14265,노각나무,G,424
1107,126.9876889,35.14240833,노각나무,G,424
1108,126.9881472,35.14265,노각나무,G,425
1109,126.9878056,35.14230833,노각나무,G,433
1110,126.9878639,35.14239722,노각나무,G,434
1111,126.9878583,35.14238333,노각나무,G,434
1112,126.9878333,35.14226111,노각나무,G,436
1113,126.9876833,35.14225,노각나무,G,437
1114,126.9876972,35.14230556,노각나무,G,438
1115,126.9877722,35.1423,노각나무,G,440
1116,126.9877306,35.14224167,노각나무,G,440
1117,126.9877861,35.14216944,노각나무,G,440
1118,126.9877306,35.14223333,노각나무,G,441
1119,126.9877417,35.14197778,노각나무,G,443
1120,126.9877556,35.14191389,노각나무,G,450
1121,126.9872417,35.14171389,노각나무,G,453
1122,126.9871917,35.14168056,노각나무,G,454
1123,126.9871389,35.14163333,노각나무,G,454
1124,126.9871722,35.14167778,노각나무,G,455
1125,126.9873694,35.14177222,노각나무,G,466
1126,126.9873278,35.14175556,노각나무,G,466
1127,126.9872556,35.14180278,노각나무,G,466
1128,126.9872583,35.14175,노각나무,G,466
1129,126.9872833,35.14176111,노각나무,G,467
1130,126.9694,35.1373,각시족도리풀,H,405
1131,126.9703028,35.13683611,각시족도리풀,H,440
1132,126.9703028,35.13683611,각시족도리풀,H,440
1133,126.9805306,35.13741111,각시족도리풀,H,576
1134,126.9805306,35.13741111,각시족도리풀,H,576
1135,126.9807472,35.13723889,각시족도리풀,H,588
1136,126.9807472,35.13723889,각시족도리풀,H,588
1137,126.9859167,35.11878333,각시족도리풀,H,594
1138,126.9859167,35.11878333,각시족도리풀,H,594
1139,126.9699083,35.12535,입술망초,I,246
1140,126.9699389,35.12539167,입술망초,I,247
1141,126.9698222,35.12533611,입술망초,I,247
1142,126.9698333,35.12533889,입술망초,I,248
1143,126.9699861,35.12549167,입술망초,I,249
1144,126.9704139,35.12453611,입술망초,I,274
1145,126.9543056,35.14399444,꽃창포,J,269
1146,126.9541861,35.14399167,꽃창포,J,271
1147,126.9542139,35.14394722,꽃창포,J,274
1148,126.9541667,35.14399444,꽃창포,J,275
1149,126.9543361,35.14401944,꽃창포,J,276
1150,126.9542389,35.14395833,꽃창포,J,276
1151,126.9543417,35.14402222,꽃창포,J,277
1152,126.99175,35.14155556,뻐꾹나리,K,395
1153,126.9921667,35.14097222,뻐꾹나리,K,410
1154,126.9925,35.14052778,뻐꾹나리,K,424
1155,126.9913611,35.13772222,뻐꾹나리,K,511
1156,126.9906667,35.13680556,뻐꾹나리,K,545
1157,126.9901667,35.13705556,뻐꾹나리,K,545
1158,126.9919167,35.13602778,뻐꾹나리,K,547
1159,126.9918333,35.13597222,뻐꾹나리,K,551
1160,126.99175,35.13588889,뻐꾹나리,K,555
1161,126.9853889,35.13758333,뻐꾹나리,K,613
1162,126.9839167,35.13119444,뻐꾹나리,K,707
1163,127.0006944,35.11491667,뻐꾹나리,K,866
1164,126.9641472,35.1402389,깽깽이풀,L,356
1165,127.0054889,35.125125,백작약,M,1061
1166,126.9934594,35.12679357,끈끈이주걱,N,815
1167,126.9686389,35.10598056,약난초,O,194
1168,126.9855194,35.14735556,으름난초,P,386
1169,126.9914361,35.12454166,방울새란,Q,894
1170,126.95765,35.1406806,변산바람꽃,R,296
1171,126.9563475,35.15605511,무등취,S,176
1172,126.9576444,35.1406694,피나물,T,295
1173,126.9611248,35.13821069,각시톱지네고사리,U,201
1174,126.984985,35.10916951,석곡,V,368
1175,126.9920036,35.12431763,솔나리,W,888
1176,126.9584606,35.15546863,흰비늘고사리,X,159
